loss,auc-pr,val_loss,val_auc-pr
0.19543956220149994,0.20569725334644318,0.06697330623865128,0.10545243322849274
