loss,auc-pr,val_loss,val_auc-pr
0.23337170481681824,0.2285272181034088,0.06795385479927063,0.09739338606595993
