loss,auc-pr,val_loss,val_auc-pr
0.0866803526878357,0.1938454508781433,0.03551910072565079,0.12076467275619507
