loss,auc-pr,val_loss,val_auc-pr
0.08810881525278091,0.16915711760520935,0.03656375780701637,0.14943519234657288
