loss,auc-pr,val_loss,val_auc-pr
0.08655348420143127,0.19159060716629028,0.03477359935641289,0.15778067708015442
